Position,Const,Created,Modified,Description,Title,Original Title,URL,Title Type,IMDb Rating,Runtime (mins),Year,Genres,Num Votes,Release Date,Directors,Your Rating,Date Rated
1,tt1196946,2026-09-20,2026-09-20,,"The Mentalist","The Mentalist",https://www.imdb.com/title/tt1196946/,TV Series,8.2,43,2008,"Crime, Drama, Mystery, Thriller",250753,2009-02,,,
2,tt0944947,2026-09-20,2026-09-20,,"Taht Oyunları","Game of Thrones",https://www.imdb.com/title/tt0944947/,TV Series,9.2,60,2011,"Drama, Fantasy",2664120,2011-09-18,,,
3,tt0903747,2026-09-20,2026-09-20,,"Breaking Bad","Breaking Bad",https://www.imdb.com/title/tt0903747/,TV Series,9.5,48,2008,"Crime, Drama, Thriller",2678968,2008-01-20,,,
4,tt0141842,2026-09-20,2026-09-20,,"The Sopranos","The Sopranos",https://www.imdb.com/title/tt0141842/,TV Series,9.2,55,1999,"Crime, Drama",597207,2000-12-07,,,
5,tt1844624,2026-09-20,2026-09-20,,"American Horror Story","American Horror Story",https://www.imdb.com/title/tt1844624/,TV Series,7.9,60,2011,"Drama, Horror, Sci-Fi, Thriller",365100,2011-10-05,,,
6,tt0185906,2026-09-20,2026-09-20,,"Kardeşler Takımı","Band of Brothers",https://www.imdb.com/title/tt0185906/,TV Mini Series,9.4,60,2001,"Action, Drama, History, War",605459,2002-03-14,,,
7,tt1520211,2026-09-20,2026-09-20,,"The Walking Dead","The Walking Dead",https://www.imdb.com/title/tt1520211/,TV Series,8.1,45,2010,"Drama, Horror, Thriller",1214732,2010-11-04,,,
8,tt2560140,2026-09-20,2026-09-20,,"Attack on Titan","Shingeki no kyojin",https://www.imdb.com/title/tt2560140/,TV Series,9.1,24,2013,"Animation, Action, Adventure, Drama, Fantasy, Horror",748058,2013-04-07,,,
9,tt2861424,2026-09-20,2026-09-20,,"Rick ve Morty","Rick and Morty",https://www.imdb.com/title/tt2861424/,TV Series,9.0,23,2013,"Animation, Adventure, Comedy, Sci-Fi",713074,2013-12-02,,,
10,tt3032476,2026-09-20,2026-09-20,,"Better Call Saul","Better Call Saul",https://www.imdb.com/title/tt3032476/,TV Series,9.0,45,2015,"Crime, Drama",865011,2016-09-22,,,
11,tt0386676,2026-09-20,2026-09-20,,"The Office","The Office",https://www.imdb.com/title/tt0386676/,TV Series,9.0,22,2005,"Comedy",850964,2005-03-24,,,
12,tt0306414,2026-09-20,2026-09-20,,"The Wire","The Wire",https://www.imdb.com/title/tt0306414/,TV Series,9.3,60,2002,"Crime, Drama, Thriller",439555,2002-06-02,,,
13,tt0773262,2026-09-20,2026-09-20,,"Dexter","Dexter",https://www.imdb.com/title/tt0773262/,TV Series,8.6,60,2006,"Crime, Drama, Mystery, Thriller",955900,2006-10-01,,,
14,tt33043892,2026-09-20,2026-09-20,,"Dexter: Resurrection","Dexter: Resurrection",https://www.imdb.com/title/tt33043892/,TV Series,9.0,50,2025,"Crime, Drama, Mystery, Thriller",156603,2025-07-11,,,
15,tt4574334,2026-09-20,2026-09-20,,"Stranger Things","Stranger Things",https://www.imdb.com/title/tt4574334/,TV Series,8.6,60,2016,"Drama, Fantasy, Horror, Mystery, Sci-Fi, Thriller",1740299,2016-07-15,,,
16,tt1586680,2026-09-20,2026-09-20,,"Shameless","Shameless",https://www.imdb.com/title/tt1586680/,TV Series,8.5,60,2011,"Comedy, Drama",339122,2011-01-09,,,
17,tt2085059,2026-09-20,2026-09-20,,"Black Mirror","Black Mirror",https://www.imdb.com/title/tt2085059/,TV Series,8.7,60,2011,"Crime, Drama, Mystery, Sci-Fi, Thriller",749363,2016-09-07,,,
18,tt0108778,2026-09-20,2026-09-20,,"Sıkı Dostlar","Friends",https://www.imdb.com/title/tt0108778/,TV Series,8.8,22,1994,"Comedy, Romance",1208400,1996-06-17,,,
19,tt7660850,2026-09-20,2026-09-20,,"Succession","Succession",https://www.imdb.com/title/tt7660850/,TV Series,8.8,60,2018,"Comedy, Drama",368085,2018-06-03,,,
20,tt0238784,2026-09-20,2026-09-20,,"Gilmore Kızları","Gilmore Girls",https://www.imdb.com/title/tt0238784/,TV Series,8.2,45,2000,"Comedy, Drama",177447,2000-10-05,,,
21,tt0898266,2026-09-20,2026-09-20,,"The Big Bang Theory","The Big Bang Theory",https://www.imdb.com/title/tt0898266/,TV Series,8.1,22,2007,"Comedy, Romance",946749,2007-09-24,,,
22,tt0412142,2026-09-20,2026-09-20,,"Doktor House","House M.D.",https://www.imdb.com/title/tt0412142/,TV Series,8.7,45,2004,"Drama",601080,2020-09-15,,,
23,tt7366338,2026-09-20,2026-09-20,,"Çernobil","Chernobyl",https://www.imdb.com/title/tt7366338/,TV Mini Series,9.3,60,2019,"Drama, History, Thriller",1065833,2023-01-13,,,
24,tt0417299,2026-09-20,2026-09-20,,"Avatar: Son Hava Bükücü","Avatar: The Last Airbender",https://www.imdb.com/title/tt0417299/,TV Series,9.3,23,2005,"Animation, Action, Adventure, Family, Fantasy, Mystery",456099,2005-02-21,,,
25,tt1475582,2026-09-20,2026-09-20,,"Sherlock","Sherlock",https://www.imdb.com/title/tt1475582/,TV Series,9.0,90,2010,"Crime, Drama, Mystery, Thriller",1100586,2016-09-17,,,
26,tt13675832,2026-09-20,2026-09-20,,"Gibi","Gibi",https://www.imdb.com/title/tt13675832/,TV Series,9.0,30,2021,"Comedy",37643,2021-01-01,,,
27,tt1865718,2026-09-20,2026-09-20,,"Esrarengiz Kasaba","Gravity Falls",https://www.imdb.com/title/tt1865718/,TV Series,8.9,23,2012,"Animation, Adventure, Comedy, Family, Fantasy",185163,2012-06-15,,,
28,tt0303461,2026-09-20,2026-09-20,,"Firefly","Firefly",https://www.imdb.com/title/tt0303461/,TV Series,8.9,45,2002,"Adventure, Sci-Fi",304313,2002-09-20,,,
29,tt0877057,2026-09-20,2026-09-20,,"Ölüm Defteri","Death Note: Desu nôto",https://www.imdb.com/title/tt0877057/,TV Series,8.9,24,2006,"Animation, Crime, Drama, Fantasy, Mystery, Thriller",500062,2020-04-17,,,
30,tt0092337,2026-09-20,2026-09-20,,"Dekalog","Dekalog",https://www.imdb.com/title/tt0092337/,TV Mini Series,8.9,60,1989,"Drama",35273,1989-12-10,,,
31,tt0098904,2026-09-20,2026-09-20,,"Seinfeld","Seinfeld",https://www.imdb.com/title/tt0098904/,TV Series,8.8,22,1989,"Comedy",388850,1989-07-05,,,
32,tt2802850,2026-09-20,2026-09-20,,"Fargo","Fargo",https://www.imdb.com/title/tt2802850/,TV Series,8.8,60,2014,"Crime, Drama, Thriller",475552,2014-04-15,,,
33,tt7920978,2026-09-20,2026-09-20,,"Şahsiyet","Sahsiyet",https://www.imdb.com/title/tt7920978/,TV Series,8.9,60,2018,"Crime, Drama, Mystery, Thriller",57228,2018-03-17,,,
34,tt7137906,2026-09-20,2026-09-20,,"When They See Us","When They See Us",https://www.imdb.com/title/tt7137906/,TV Mini Series,8.8,75,2019,"Biography, Crime, Drama, History",161752,2019-05-31,,,
35,tt1831164,2026-09-20,2026-09-20,,"Leyla ile Mecnun","Leyla ile Mecnun",https://www.imdb.com/title/tt1831164/,TV Series,9.0,90,2011,"Adventure, Comedy, Drama, Fantasy, Mystery, Romance",103977,2011-02-09,,,
36,tt0193676,2026-09-20,2026-09-20,,"Freaks and Geeks","Freaks and Geeks",https://www.imdb.com/title/tt0193676/,TV Series,8.7,45,1999,"Comedy, Drama",165819,1999-09-25,,,
37,tt0098936,2026-09-20,2026-09-20,,"İkiz Tepeler","Twin Peaks",https://www.imdb.com/title/tt0098936/,TV Series,8.7,50,1990,"Crime, Drama, Mystery, Thriller",250945,1990-04-08,,,
38,tt5182866,2026-09-20,2026-09-20,,"Reply 1988","Eungdaphara 1988",https://www.imdb.com/title/tt5182866/,TV Series,9.0,90,2015,"Comedy, Drama, Family, Romance",20043,2020-01-01,,,
39,tt2707408,2026-09-20,2026-09-20,,"Narcos","Narcos",https://www.imdb.com/title/tt2707408/,TV Series,8.7,50,2015,"Biography, Crime, Drama, Thriller",536667,2016-01-07,,,
40,tt1910272,2026-09-20,2026-09-20,,"Steins;Gate","Steins; Gate",https://www.imdb.com/title/tt1910272/,TV Series,8.8,24,2011,"Animation, Comedy, Drama, Mystery, Romance, Sci-Fi, Thriller",96839,2011-04-06,,,
41,tt2442560,2026-09-20,2026-09-20,,"Peaky Blinders","Peaky Blinders",https://www.imdb.com/title/tt2442560/,TV Series,8.7,60,2013,"Crime, Drama",793596,2013-09-12,,,
42,tt0248654,2026-09-20,2026-09-20,,"Six Feet Under","Six Feet Under",https://www.imdb.com/title/tt0248654/,TV Series,8.7,60,2001,"Comedy, Drama",170773,2001-06-03,,,
43,tt5753856,2026-09-20,2026-09-20,,"Dark","Dark",https://www.imdb.com/title/tt5753856/,TV Series,8.7,60,2017,"Crime, Drama, Mystery, Sci-Fi, Thriller",562475,2017-12-01,,,
44,tt0118421,2026-09-20,2026-09-20,,"Oz","Oz",https://www.imdb.com/title/tt0118421/,TV Series,8.7,60,1997,"Crime, Drama, Thriller",117982,2002-04-03,,,
45,tt5290382,2026-09-20,2026-09-20,,"Mindhunter","Mindhunter",https://www.imdb.com/title/tt5290382/,TV Series,8.6,60,2017,"Crime, Drama, Mystery, Thriller",406274,2017-10-13,,,
46,tt1710308,2026-09-20,2026-09-20,,"Sürekli Dizi","Regular Show",https://www.imdb.com/title/tt1710308/,TV Series,8.6,23,2010,"Animation, Action, Adventure, Comedy, Drama, Fantasy, Sci-Fi, Thriller",76821,2010-09-06,,,
47,tt9335498,2026-09-20,2026-09-20,,"Demon Slayer: Kimetsu no Yaiba","Kimetsu no Yaiba",https://www.imdb.com/title/tt9335498/,TV Series,8.5,24,2019,"Animation, Action, Adventure, Fantasy, Thriller",237420,2021-09-14,,,
48,tt4158110,2026-09-20,2026-09-20,,"Mr. Robot","Mr. Robot",https://www.imdb.com/title/tt4158110/,TV Series,8.5,45,2015,"Crime, Drama, Thriller",475055,2020-09-15,,,
49,tt0278238,2026-09-20,2026-09-20,,"Samurai Jack","Samurai Jack",https://www.imdb.com/title/tt0278238/,TV Series,8.5,23,2001,"Animation, Action, Adventure, Drama, Fantasy, Sci-Fi, Thriller",67703,2001-08-10,,,
50,tt7120662,2026-09-20,2026-09-20,,"Derry Girls","Derry Girls",https://www.imdb.com/title/tt7120662/,TV Series,8.5,30,2018,"Comedy",79935,2019-08-02,,,
51,tt1534360,2026-09-20,2026-09-20,,"Ezel","Ezel",https://www.imdb.com/title/tt1534360/,TV Series,8.6,90,2009,"Crime, Drama, Thriller",44319,2009-09-28,,,
52,tt12343534,2026-09-20,2026-09-20,,"Jujutsu Kaisen","Jujutsu Kaisen",https://www.imdb.com/title/tt12343534/,TV Series,8.5,24,2020,"Animation, Action, Adventure, Fantasy, Thriller",221854,2020-10-02,,,
53,tt1124373,2026-09-20,2026-09-20,,"Anarşinin Evlatları","Sons of Anarchy",https://www.imdb.com/title/tt1124373/,TV Series,8.5,45,2008,"Crime, Drama, Thriller",360434,2008-09-03,,,
54,tt3895150,2026-09-20,2026-09-20,,"Your Lie in April","Shigatsu wa kimi no uso",https://www.imdb.com/title/tt3895150/,TV Series,8.6,23,2014,"Animation, Comedy, Drama, Music, Romance",54158,2014-09-01,,,
55,tt0290978,2026-09-20,2026-09-20,,"The Office","The Office",https://www.imdb.com/title/tt0290978/,TV Series,8.5,30,2001,"Comedy, Drama",133988,2001-07-09,,,
56,tt0264700,2026-09-20,2026-09-20,,"İkinci Bahar","Ikinci Bahar",https://www.imdb.com/title/tt0264700/,TV Series,8.7,48,1998,"Drama, Romance",7196,1998-10-29,,,
57,tt0302199,2026-09-20,2026-09-20,,"Tatlı Hayat","Tatli Hayat",https://www.imdb.com/title/tt0302199/,TV Series,8.5,58,2001,"Comedy",8427,2001,,,
58,tt6478318,2026-09-20,2026-09-20,,"Masum","Masum",https://www.imdb.com/title/tt6478318/,TV Mini Series,8.3,60,2017,"Crime, Drama, Mystery",21876,2017-01-27,,,
59,tt0952637,2026-09-20,2026-09-20,,"Çalikusu","Çalikusu",https://www.imdb.com/title/tt0952637/,TV Mini Series,8.3,,1986,"Drama",1125,1986,,,
60,tt4132514,2026-09-20,2026-09-20,,"Yedi Güzel Adam","Yedi Güzel Adam",https://www.imdb.com/title/tt4132514/,TV Series,7.5,105,2014,"Biography, Drama, History, Romance",1469,2014-02-01,,,
61,tt0290995,2026-09-20,2026-09-20,,"Yeditepe İstanbul","Yeditepe Istanbul",https://www.imdb.com/title/tt0290995/,TV Series,8.6,,2001,"Comedy, Drama",1876,2001-05-24,,,
62,tt4195264,2026-09-20,2026-09-20,,"Beş Kardeş","Bes Kardes",https://www.imdb.com/title/tt4195264/,TV Series,8.4,120,2015,"Comedy, Drama, Family",3848,2015-02-16,,,
63,tt0992966,2026-09-20,2026-09-20,,"7 Numara","7 Numara",https://www.imdb.com/title/tt0992966/,TV Series,8.8,45,2000,"Comedy",5622,2000-10-23,,,
64,tt0365980,2026-09-20,2026-09-20,,"Asmalı Konak","Asmali Konak",https://www.imdb.com/title/tt0365980/,TV Series,6.0,60,2002,"Drama",2452,2002-03-11,,,
65,tt3296782,2026-09-20,2026-09-20,,"Ben de Özledim","Ben de Özledim",https://www.imdb.com/title/tt3296782/,TV Series,7.9,75,2013,"Comedy, Fantasy",7955,2013-10-25,,,
66,tt1809413,2026-09-20,2026-09-20,,"1 Kadın 1 Erkek","1 Kadin 1 Erkek",https://www.imdb.com/title/tt1809413/,TV Series,7.8,30,2008,"Comedy",6350,2008-10-02,,,
67,tt0493471,2026-09-20,2026-09-20,,"Ayrılsak da Beraberiz","Ayrilsak da Beraberiz",https://www.imdb.com/title/tt0493471/,TV Series,7.3,60,1999,"Comedy",3119,1999-09-22,,,
68,tt0856757,2026-09-20,2026-09-20,,"Yaprak Dökümü","Yaprak Dökümü",https://www.imdb.com/title/tt0856757/,TV Series,5.9,90,2006,"Drama",4769,2006-09-13,,,
69,tt0426708,2026-09-20,2026-09-20,,"Hayat Bilgisi","Hayat Bilgisi",https://www.imdb.com/title/tt0426708/,TV Series,6.6,60,2003,"Comedy, Drama",4517,2003-02-13,,,
70,tt0953931,2026-09-20,2026-09-20,,"Doktorlar","Doktorlar",https://www.imdb.com/title/tt0953931/,TV Series,4.3,90,2006,"Drama",1560,2006-12-28,,,
71,tt2184065,2026-09-20,2026-09-20,,"Yalan Dünya","Yalan Dünya",https://www.imdb.com/title/tt2184065/,TV Series,7.3,120,2012,"Comedy",8319,2012-01-13,,,
72,tt0413623,2026-09-20,2026-09-20,,"Çocuklar Duymasın","Çocuklar Duymasin",https://www.imdb.com/title/tt0413623/,TV Series,4.8,120,2002,"Comedy, Family",3542,2002-01-16,,,
73,tt1784141,2026-09-20,2026-09-20,,"Öyle Bir Geçer Zaman Ki","Öyle Bir Geçer Zaman Ki",https://www.imdb.com/title/tt1784141/,TV Series,7.1,120,2010,"Drama, History",6887,2010-09-14,,,
74,tt1478022,2026-09-20,2026-09-20,,"Geniş Aile","Genis Aile",https://www.imdb.com/title/tt1478022/,TV Series,7.2,90,2009,"Comedy",5381,2009-07-08,,,
75,tt0303449,2026-09-20,2026-09-20,,"Dadı","Dadi",https://www.imdb.com/title/tt0303449/,TV Series,6.3,50,2001,"Comedy, Family",2826,2001-01-05,,,
76,tt2361816,2026-09-20,2026-09-20,,"Seksenler","Seksenler",https://www.imdb.com/title/tt2361816/,TV Series,6.9,100,2012,"Comedy",3210,2012-01-24,,,
77,tt14533970,2026-09-20,2026-09-20,,"Prens","Prens",https://www.imdb.com/title/tt14533970/,TV Series,8.5,45,2023,"Comedy, History",17062,2023-06-16,,,
78,tt0159206,2026-09-20,2026-09-20,,"Sex and the City","Sex and the City",https://www.imdb.com/title/tt0159206/,TV Series,7.4,30,1998,"Comedy, Drama, Romance",162546,2000-08-04,,,
79,tt3581920,2026-09-20,2026-09-20,,"The Last of Us","The Last of Us",https://www.imdb.com/title/tt3581920/,TV Series,8.4,50,2023,"Action, Adventure, Drama, Horror, Sci-Fi, Thriller",750810,2023-01-16,,,
80,tt3322312,2026-09-20,2026-09-20,,"Korkusuz","Daredevil",https://www.imdb.com/title/tt3322312/,TV Series,8.6,60,2015,"Action, Crime, Drama, Sci-Fi, Thriller",542480,2016-01-06,,,
81,tt6468322,2026-09-20,2026-09-20,,"La casa de papel","La casa de papel",https://www.imdb.com/title/tt6468322/,TV Series,8.2,60,2017,"Action, Crime, Drama, Mystery, Thriller",619736,2017-12-20,,,
82,tt8398600,2026-09-20,2026-09-20,,"After Life","After Life",https://www.imdb.com/title/tt8398600/,TV Series,8.4,30,2019,"Comedy, Drama",171647,2019-03-08,,,
83,tt4635282,2026-09-20,2026-09-20,,"The OA","The OA",https://www.imdb.com/title/tt4635282/,TV Series,7.8,60,2016,"Drama, Fantasy, Mystery, Sci-Fi",129080,2016-12-16,,,
84,tt9561862,2026-09-20,2026-09-20,,"Love, Death & Robots","Love, Death & Robots",https://www.imdb.com/title/tt9561862/,TV Series,8.4,15,2019,"Animation, Short, Action, Adventure, Comedy, Drama, Fantasy, Horror, Mystery, Sci-Fi, Thriller",232730,2019-03-15,,,
85,tt4295140,2026-09-20,2026-09-20,,"Chef's Table","Chef's Table",https://www.imdb.com/title/tt4295140/,TV Series,8.5,50,2015,"Documentary, Biography",17766,2015-04-26,,,
86,tt1312171,2026-09-20,2026-09-20,,"The Umbrella Academy","The Umbrella Academy",https://www.imdb.com/title/tt1312171/,TV Series,7.8,60,2019,"Action, Adventure, Comedy, Drama, Fantasy, Sci-Fi",318270,2019-02-15,,,
87,tt7335184,2026-09-20,2026-09-20,,"You","You",https://www.imdb.com/title/tt7335184/,TV Series,7.6,45,2018,"Crime, Drama, Romance, Thriller",376017,2018-09-09,,,
88,tt7767422,2026-09-20,2026-09-20,,"Sex Education","Sex Education",https://www.imdb.com/title/tt7767422/,TV Series,8.2,60,2019,"Comedy, Drama, Romance",404254,2019-01-11,,,
89,tt2531336,2026-09-20,2026-09-20,,"Lupin","Lupin",https://www.imdb.com/title/tt2531336/,TV Series,7.5,45,2021,"Action, Crime, Drama, Mystery, Thriller",161834,2021-01-08,,,
90,tt8740790,2026-09-20,2026-09-20,,"Bridgerton","Bridgerton",https://www.imdb.com/title/tt8740790/,TV Series,7.5,60,2020,"Drama, Romance",233320,2020-12-25,,,
91,tt2431438,2026-09-20,2026-09-20,,"Sense8","Sense8",https://www.imdb.com/title/tt2431438/,TV Series,8.2,60,2015,"Drama, Mystery, Sci-Fi, Thriller",172915,2015-06-05,,,
92,tt2357547,2026-09-20,2026-09-20,,"Jessica Jones","Jessica Jones",https://www.imdb.com/title/tt2357547/,TV Series,7.8,56,2015,"Action, Crime, Drama, Sci-Fi, Thriller",242254,2015-11-20,,,
93,tt3322314,2026-09-20,2026-09-20,,"Luke Cage","Luke Cage",https://www.imdb.com/title/tt3322314/,TV Series,7.2,60,2016,"Action, Crime, Drama, Sci-Fi, Thriller",150434,2016-09-30,,,
94,tt3322310,2026-09-20,2026-09-20,,"Demir Yumruk","Iron Fist",https://www.imdb.com/title/tt3322310/,TV Series,6.4,60,2017,"Action, Adventure, Crime, Fantasy, Sci-Fi",151316,2017-03-17,,,
95,tt1837492,2026-09-20,2026-09-20,,"13 Reasons Why","13 Reasons Why",https://www.imdb.com/title/tt1837492/,TV Series,7.4,60,2017,"Drama, Mystery, Thriller",343432,2017-03-31,,,
96,tt9446688,2026-09-20,2026-09-20,,"I Am Not Okay with This","I Am Not Okay with This",https://www.imdb.com/title/tt9446688/,TV Series,7.5,20,2020,"Comedy, Drama, Fantasy, Sci-Fi",84121,2020-02-26,,,
97,tt5435008,2026-09-20,2026-09-20,,"Gilmore Girls: A Year in the Life","Gilmore Girls: A Year in the Life",https://www.imdb.com/title/tt5435008/,TV Mini Series,7.4,93,2016,"Comedy, Drama",50928,2016-11-25,,,
98,tt6517102,2026-09-20,2026-09-20,,"Castlevania","Castlevania",https://www.imdb.com/title/tt6517102/,TV Series,8.3,23,2017,"Animation, Action, Adventure, Drama, Fantasy, Horror",96591,2017-07-07,,,
99,tt10919420,2026-09-20,2026-09-20,,"Ojing-eo geim","Ojing-eo geim",https://www.imdb.com/title/tt10919420/,TV Series,7.9,60,2021,"Action, Crime, Drama, Mystery, Thriller",777448,2021-09-17,,,
100,tt1305826,2026-09-20,2026-09-20,,"Adventure Time","Adventure Time",https://www.imdb.com/title/tt1305826/,TV Series,8.7,23,2010,"Animation, Action, Adventure, Comedy, Family, Fantasy, Sci-Fi",136528,2010-10-11,,,
101,tt1695360,2026-09-20,2026-09-20,,"Avatar: Korra Efsanesi","The Legend of Korra",https://www.imdb.com/title/tt1695360/,TV Series,8.3,23,2012,"Animation, Action, Adventure, Family, Fantasy, Sci-Fi",154625,2012-04-14,,,
102,tt0852863,2026-09-20,2026-09-20,,"Fineas ve Förb","Phineas and Ferb",https://www.imdb.com/title/tt0852863/,TV Series,8.1,15,2007,"Animation, Short, Action, Adventure, Comedy, Family, Musical, Sci-Fi",69534,2007-08-17,,,
103,tt13433812,2026-09-20,2026-09-20,,"Vincenzo","Binsenjo",https://www.imdb.com/title/tt13433812/,TV Series,8.4,80,2021,"Action, Comedy, Crime, Drama, Romance",42349,2021-05-09,,,
104,tt26471411,2026-09-20,2026-09-20,,"Pokssak sogatsuda","Pokssak sogatsuda",https://www.imdb.com/title/tt26471411/,TV Mini Series,9.0,60,2025,"Drama, History, Romance",43018,2025-03-07,,,
105,tt10850932,2026-09-20,2026-09-20,,"Crash Landing on You","Sarangeui bulsachak",https://www.imdb.com/title/tt10850932/,TV Mini Series,8.7,70,2019,"Adventure, Comedy, Drama, Romance",61178,2020-02-23,,,
106,tt5994364,2026-09-20,2026-09-20,,"Goblin: The Lonely and Great God","Sseulsseulhago charanhasindoggaebi",https://www.imdb.com/title/tt5994364/,TV Mini Series,8.5,120,2016,"Comedy, Drama, Fantasy, Romance",38632,2016-12-02,,,
107,tt7923710,2026-09-20,2026-09-20,,"Naui ajusshi","Naui ajusshi",https://www.imdb.com/title/tt7923710/,TV Series,9.0,70,2018,"Drama",16291,2020-06-10,,,
108,tt6263222,2026-09-20,2026-09-20,,"Strong Girl Bong-soon","Him-ssen yeo-ja Do Bong-soon",https://www.imdb.com/title/tt6263222/,TV Series,8.1,67,2017,"Comedy, Crime, Drama, Fantasy, Romance, Sci-Fi",24640,2019-11-24,,,
109,tt4925000,2026-09-20,2026-09-20,,"Descendants of the Sun","Taeyangeui huye",https://www.imdb.com/title/tt4925000/,TV Series,8.2,60,2016,"Action, Comedy, Drama, Romance",29775,2019-06-30,,,
110,tt10220588,2026-09-20,2026-09-20,,"Hotel Del Luna","Hotel Del Luna",https://www.imdb.com/title/tt10220588/,TV Series,8.1,80,2019,"Action, Comedy, Drama, Fantasy, Horror, Mystery, Romance",19031,2019-10-31,,,
111,tt5766194,2026-09-20,2026-09-20,,"The Legend of the Blue Sea","Pooreun Badaui Junsul",https://www.imdb.com/title/tt5766194/,TV Series,8.1,60,2016,"Comedy, Drama, Fantasy, Romance",16728,2019-10-15,,,
112,tt12867810,2026-09-20,2026-09-20,,"Start-Up","Seutateueob",https://www.imdb.com/title/tt12867810/,TV Series,7.9,80,2020,"Comedy, Drama, Romance",19815,2020-12-13,,,
113,tt9145880,2026-09-20,2026-09-20,,"Joahamyeon Ullineun","Joahamyeon Ullineun",https://www.imdb.com/title/tt9145880/,TV Series,6.5,,2019,"Comedy, Drama, Romance",10055,2019-08-22,,,
114,tt5087824,2026-09-20,2026-09-20,,"Huayu: Hakgyo 2015","Huayu: Hakgyo 2015",https://www.imdb.com/title/tt5087824/,TV Series,7.6,60,2015,"Drama, Mystery, Romance",3651,2015-04-27,,,
115,tt7020608,2026-09-20,2026-09-20,,"Hakgyo 2017","Hakgyo 2017",https://www.imdb.com/title/tt7020608/,TV Series,7.5,,2017,"Comedy, Drama, Mystery, Romance",3034,2019-06-30,,,
116,tt8737876,2026-09-20,2026-09-20,,"School 2013","School 2013",https://www.imdb.com/title/tt8737876/,TV Series,7.6,,2012,"Comedy, Drama",911,2012-12-03,,,
117,tt6157148,2026-09-20,2026-09-20,,"Sev Beni","Yeokdoyojeong Gim Bokju",https://www.imdb.com/title/tt6157148/,TV Series,8.3,60,2016,"Comedy, Drama, Romance",17653,2018-12-25,,,
118,tt5797194,2026-09-20,2026-09-20,,"W: Two Worlds Apart","W - Du gaeui segye",https://www.imdb.com/title/tt5797194/,TV Series,8.0,60,2016,"Action, Comedy, Drama, Fantasy, Romance, Thriller",18466,2018-12-25,,,
119,tt1370334,2026-09-20,2026-09-20,,"Erkekler Çiçeklerden Önce Gelir","Kkotboda namja",https://www.imdb.com/title/tt1370334/,TV Series,7.7,70,2009,"Comedy, Drama, Romance",17513,2012-12-01,,,
120,tt5646594,2026-09-20,2026-09-20,,"Hwarang","Hwarang",https://www.imdb.com/title/tt5646594/,TV Series,8.0,60,2016,"Action, Comedy, Drama, History, Romance",7730,2018-05-30,,,
121,tt3243098,2026-09-20,2026-09-20,,"Inheritors","Sangsogjadeul",https://www.imdb.com/title/tt3243098/,TV Series,7.5,55,2013,"Comedy, Drama, Romance",16755,2018-11-28,,,
122,tt9466990,2026-09-20,2026-09-20,,"Touch Your Heart","Jinsimi Dadda",https://www.imdb.com/title/tt9466990/,TV Series,7.6,60,2019,"Comedy, Drama, Romance",6345,2019-10-31,,,
123,tt4741110,2026-09-20,2026-09-20,,"Cheese in the Trap","Cheese in the Trap",https://www.imdb.com/title/tt4741110/,TV Series,7.2,60,2016,"Comedy, Romance",5517,2019-09-30,,,
124,tt4201628,2026-09-20,2026-09-20,,"Pinocchio","Pinocchio",https://www.imdb.com/title/tt4201628/,TV Series,8.0,59,2014,"Comedy, Drama, Mystery, Romance, Thriller",11122,2018-10-25,,,
125,tt4339192,2026-09-20,2026-09-20,,"Sil Baştan","Kilmi, hilmi",https://www.imdb.com/title/tt4339192/,TV Series,8.3,60,2015,"Comedy, Drama, Romance",7376,2015-01-07,,,
126,tt8236556,2026-09-20,2026-09-20,,"Memories of the Alhambra","Alhambeura Goongjeonui Chooeok",https://www.imdb.com/title/tt8236556/,TV Series,7.7,60,2018,"Drama, Romance, Sci-Fi, Thriller",8432,2018-12-11,,,
127,tt1772685,2026-09-20,2026-09-20,,"Coffee Prince","Keopi peurinseu 1-hojeom",https://www.imdb.com/title/tt1772685/,TV Series,8.1,55,2007,"Comedy, Drama, Romance",8277,2019-02-15,,,
128,tt2441802,2026-09-20,2026-09-20,,"Big","Big",https://www.imdb.com/title/tt2441802/,TV Mini Series,6.9,65,2012,"Comedy, Drama, Fantasy, Romance",1583,2012-06-04,,,
129,tt4775200,2026-09-20,2026-09-20,,"Woo-Ri Yup-Jip-Ae Exo-Ga San-Da","Woo-Ri Yup-Jip-Ae Exo-Ga San-Da",https://www.imdb.com/title/tt4775200/,TV Series,7.0,15,2015,"Comedy, Drama, Romance",2020,2015-04-09,,,
130,tt6353134,2026-09-20,2026-09-20,,"Cheot Kiseuman Ilgopbeonjjae","Cheot Kiseuman Ilgopbeonjjae",https://www.imdb.com/title/tt6353134/,TV Mini Series,6.1,13,2016,"Short, Comedy, Fantasy, Romance",1549,2016-12-05,,,
131,tt7208348,2026-09-20,2026-09-20,,"Su-yo-il O-hu 3si 30bun","Su-yo-il O-hu 3si 30bun",https://www.imdb.com/title/tt7208348/,TV Mini Series,7.0,20,2017,"Comedy, Romance",370,2017-06-07,,,
132,tt0862622,2026-09-20,2026-09-20,,"Selena","Selena",https://www.imdb.com/title/tt0862622/,TV Series,2.6,90,2006,"Family, Fantasy",2201,2006-09-10,,,
133,tt0426790,2026-09-20,2026-09-20,,"Sihirli Annem","Sihirli Annem",https://www.imdb.com/title/tt0426790/,TV Series,4.2,60,2003,"Family, Fantasy",2069,2003,,,
134,tt2154793,2026-09-20,2026-09-20,,"Bez Bebek","Bez Bebek",https://www.imdb.com/title/tt2154793/,TV Series,3.1,80,2007,"Family, Fantasy",1105,2007-07-14,,,
135,tt0834012,2026-09-20,2026-09-20,,"Acemi Cadı","Acemi Cadi",https://www.imdb.com/title/tt0834012/,TV Series,3.9,80,2006,"Comedy, Family, Fantasy",1148,2006,,,
136,tt8309698,2026-09-20,2026-09-20,,"Keloğlan Masalları","Keloglan Masallari",https://www.imdb.com/title/tt8309698/,TV Series,7.3,,2008,"Animation, Adventure, Comedy, Family, Fantasy",507,2008-01-01,,,
137,tt5687910,2026-09-20,2026-09-20,,"Marsupilami","Marsupilami",https://www.imdb.com/title/tt5687910/,TV Series,6.8,24,2000,"Animation, Adventure, Comedy, Family",555,2000-03-18,,,
138,tt5852602,2026-09-20,2026-09-20,,"Benim Annem Bir Melek","Benim Annem Bir Melek",https://www.imdb.com/title/tt5852602/,TV Series,6.2,90,2008,"Comedy, Family, Romance",611,2008-03-30,,,
139,tt0169414,2026-09-20,2026-09-20,,"Arthur","Arthur",https://www.imdb.com/title/tt0169414/,TV Series,7.4,30,1996,"Animation, Adventure, Comedy, Drama, Family, Fantasy",17942,1996-10-07,,,
140,tt0262153,2026-09-20,2026-09-20,,"Kayu","Caillou",https://www.imdb.com/title/tt0262153/,TV Series,3.9,22,1997,"Animation, Short, Adventure, Comedy, Drama, Family, Fantasy",4702,1997-09-15,,,
141,tt0479318,2026-09-20,2026-09-20,,"Belali Baldiz","Belali Baldiz",https://www.imdb.com/title/tt0479318/,TV Series,5.3,60,2005,"Comedy, Family",502,2005-09-11,,,
142,tt0136634,2026-09-20,2026-09-20,,"Rahat Koltuk","The Big Comfy Couch",https://www.imdb.com/title/tt0136634/,TV Series,7.1,25,1992,"Comedy, Family",2141,1992-03-02,,,
143,tt1460205,2026-09-20,2026-09-20,,"Dinozor Treni","Dinosaur Train",https://www.imdb.com/title/tt1460205/,TV Series,6.5,28,2009,"Animation, Adventure, Family, Musical",2554,2009-09-07,,,
144,tt0784896,2026-09-20,2026-09-20,,"Mickey Fare'nin Kulüp Evi","Mickey Mouse Clubhouse",https://www.imdb.com/title/tt0784896/,TV Series,5.9,30,2006,"Animation, Adventure, Comedy, Family, Fantasy, Musical",6803,2006-02-18,,,
145,tt0487849,2026-09-20,2026-09-20,,"Pocoyo","Pocoyo",https://www.imdb.com/title/tt0487849/,TV Series,7.1,7,2005,"Animation, Adventure, Comedy, Family, Mystery",3058,2005-05-07,,,
146,tt1307510,2026-09-20,2026-09-20,,"Çufçuflar Diyarı","Chuggington",https://www.imdb.com/title/tt1307510/,TV Series,5.8,10,2008,"Animation, Adventure, Comedy, Family, Fantasy",1228,2009-07-04,,,
147,tt7080092,2026-09-21,2026-09-21,,"Five","Five",https://www.imdb.com/title/tt7080092/,TV Mini Series,7.3,30,2017,"Comedy",49,2017-07-04,,,
148,tt3487382,2026-09-21,2026-09-21,,"Forever","Forever",https://www.imdb.com/title/tt3487382/,TV Series,8.2,43,2014,"Crime, Drama, Fantasy, Mystery, Sci-Fi",66885,2014-09-22,,,
149,tt7242816,2026-09-21,2026-09-21,,"Harrow","Harrow",https://www.imdb.com/title/tt7242816/,TV Series,7.5,60,2018,"Crime, Drama, Mystery, Thriller",12090,2018-03-09,,,
150,tt1119644,2026-09-21,2026-09-21,,"Fringe","Fringe",https://www.imdb.com/title/tt1119644/,TV Series,8.4,46,2008,"Drama, Mystery, Sci-Fi, Thriller",272716,2008-09-09,,,
151,tt0411008,2026-09-21,2026-09-21,,"Lost","Lost",https://www.imdb.com/title/tt0411008/,TV Series,8.3,45,2004,"Adventure, Drama, Fantasy, Mystery, Sci-Fi, Thriller",682406,2020-09-15,,,
152,tt2661044,2026-09-21,2026-09-21,,"The 100","The 100",https://www.imdb.com/title/tt2661044/,TV Series,7.5,43,2014,"Action, Drama, Mystery, Sci-Fi",308128,2016-09-07,,,
153,tt0455275,2026-09-21,2026-09-21,,"Büyük Kaçış","Prison Break",https://www.imdb.com/title/tt0455275/,TV Series,8.3,44,2005,"Action, Crime, Drama, Mystery, Thriller",680803,2006-06-16,,,
154,tt2306299,2026-09-21,2026-09-21,,"Vikingler","Vikings",https://www.imdb.com/title/tt2306299/,TV Series,8.5,45,2013,"Action, Adventure, Drama, History, Romance, War",650417,2013-03-03,,,
155,tt12637874,2026-09-21,2026-09-21,,"Fallout","Fallout",https://www.imdb.com/title/tt12637874/,TV Series,8.3,60,2024,"Action, Adventure, Drama, Sci-Fi",403900,2024-04-10,,,
156,tt1327801,2026-09-21,2026-09-21,,"Glee","Glee",https://www.imdb.com/title/tt1327801/,TV Series,6.8,45,2009,"Comedy, Drama, Music, Musical",162549,2009-09-09,,,
157,tt1578873,2026-09-21,2026-09-21,,"Sevimli Küçük Yalancılar","Pretty Little Liars",https://www.imdb.com/title/tt1578873/,TV Series,7.3,44,2010,"Drama, Mystery, Romance, Thriller",190341,2010-06-08,,,
158,tt0397442,2026-09-21,2026-09-21,,"Gossip Girl","Gossip Girl",https://www.imdb.com/title/tt0397442/,TV Series,7.5,42,2007,"Drama, Romance",217565,2007-09-19,,,
159,tt1843230,2026-09-21,2026-09-21,,"Bir Varmış Bir Yokmuş","Once Upon a Time",https://www.imdb.com/title/tt1843230/,TV Series,7.6,60,2011,"Adventure, Fantasy, Romance",249514,2011-12-09,,,
160,tt1826940,2026-09-21,2026-09-21,,"New Girl","New Girl",https://www.imdb.com/title/tt1826940/,TV Series,7.8,22,2011,"Comedy, Romance",266163,2011-09-20,,,
161,tt4145384,2026-09-21,2026-09-21,,"Scream Queens","Scream Queens",https://www.imdb.com/title/tt4145384/,TV Series,7.1,45,2015,"Comedy, Horror, Mystery",51717,2015-09-22,,,
162,tt2014230,2026-09-21,2026-09-21,,"Glee: Director's Cut Pilot Episode","Glee: Director's Cut Pilot Episode",https://www.imdb.com/title/tt2014230/,Video,8.0,48,2009,"Comedy, Drama, Musical",433,2009-09-01,"Ryan Murphy",,
163,tt1405406,2026-09-21,2026-09-21,,"Vampir Günlükleri","The Vampire Diaries",https://www.imdb.com/title/tt1405406/,TV Series,7.7,43,2009,"Drama, Fantasy, Horror, Mystery, Romance, Thriller",389127,2009-09-10,,,
164,tt2467372,2026-09-21,2026-09-21,,"Brooklyn Nine-Nine","Brooklyn Nine-Nine",https://www.imdb.com/title/tt2467372/,TV Series,8.4,22,2013,"Comedy, Crime",424194,2013-09-17,,,
165,tt1942683,2026-09-21,2026-09-21,,"Gumball'ın Harika Dünyası","The Amazing World of Gumball",https://www.imdb.com/title/tt1942683/,TV Series,8.4,11,2011,"Animation, Short, Adventure, Comedy, Family, Fantasy, Music, Musical, Sci-Fi",56052,2011-05-02,,,
166,tt0096697,2026-09-21,2026-09-21,,"Simpson Ailesi","The Simpsons",https://www.imdb.com/title/tt0096697/,TV Series,8.6,22,1989,"Animation, Comedy",473162,1989-12-17,,,
167,tt1439629,2026-09-21,2026-09-21,,"Community","Community",https://www.imdb.com/title/tt1439629/,TV Series,8.5,22,2009,"Comedy",314713,2009-09-17,,,
168,tt0460649,2026-09-21,2026-09-21,,"How I Met Your Mother","How I Met Your Mother",https://www.imdb.com/title/tt0460649/,TV Series,8.3,22,2005,"Comedy, Drama, Romance",789886,2005-09-19,,,
169,tt1442437,2026-09-21,2026-09-21,,"Modern Family","Modern Family",https://www.imdb.com/title/tt1442437/,TV Series,8.5,22,2009,"Comedy, Drama, Romance",547724,2016-09-07,,,
170,tt4477976,2026-09-21,2026-09-21,,"Superstore","Superstore",https://www.imdb.com/title/tt4477976/,TV Series,7.8,22,2015,"Comedy",86735,2015-11-30,,,
171,tt2051741,2026-09-21,2026-09-21,,"Umutsuz Ev Kadınları","Umutsuz Ev Kadinlari",https://www.imdb.com/title/tt2051741/,TV Series,5.4,90,2011,"Drama, Mystery, Romance",855,2011-10-02,,,
172,tt33295206,2026-09-21,2026-09-21,,"Eyvah Yayindayiz: Yedi Numara","Eyvah Yayindayiz: Yedi Numara",https://www.imdb.com/title/tt33295206/,TV Episode,9.1,,2000,"Talk-Show",16,2000,,,
173,tt0448284,2026-09-21,2026-09-21,,"En Son Babalar Duyar","En Son Babalar Duyar",https://www.imdb.com/title/tt0448284/,TV Series,6.3,75,2002,"Comedy",2406,2002-09-21,,,
174,tt0424619,2026-09-21,2026-09-21,,"Cennet Mahallesi","Cennet Mahallesi",https://www.imdb.com/title/tt0424619/,TV Series,4.8,60,2004,"Comedy",3032,2004,,,
175,tt2710838,2026-09-21,2026-09-21,,"Komedi Dükkanı","Komedi Dükkani",https://www.imdb.com/title/tt2710838/,TV Series,8.0,70,2007,"Comedy",4358,2007-09-14,,,
176,tt0834023,2026-09-21,2026-09-21,,"İki Aile","Iki Aile",https://www.imdb.com/title/tt0834023/,TV Series,5.7,85,2006,"Comedy",1008,2006-06-19,,,
177,tt4787052,2026-09-21,2026-09-21,,"Kiralik Ask","Kiralik Ask",https://www.imdb.com/title/tt4787052/,TV Series,7.2,120,2015,"Comedy, Romance",11941,2015-06-19,,,
178,tt0454657,2026-09-21,2026-09-21,,"Yarim Elma","Yarim Elma",https://www.imdb.com/title/tt0454657/,TV Series,5.9,60,2002,"Comedy",753,2002,,,
179,tt1807860,2026-09-21,2026-09-21,,"Yahşi Cazibe","Yahsi Cazibe",https://www.imdb.com/title/tt1807860/,TV Series,5.5,90,2010,"Comedy",1630,2010-07-16,,,
180,tt5616644,2026-09-21,2026-09-21,,"Aşk Yeniden","Ask Yeniden",https://www.imdb.com/title/tt5616644/,TV Series,7.1,120,2015,"Comedy, Romance",2726,2015-02-10,,,
181,tt2735500,2026-09-21,2026-09-21,,"Beni Böyle Sev","Beni Böyle Sev",https://www.imdb.com/title/tt2735500/,TV Series,7.1,100,2013,"Comedy, Romance",858,2013-02-11,,,
182,tt1034368,2026-09-21,2026-09-21,,"Kavak Yelleri","Kavak Yelleri",https://www.imdb.com/title/tt1034368/,TV Series,5.7,100,2007,"Drama, Romance",2727,2007-05-31,,,
183,tt0878797,2026-09-21,2026-09-21,,"Hatirla Sevgili","Hatirla Sevgili",https://www.imdb.com/title/tt0878797/,TV Series,7.8,90,2006,"Drama, History, Romance",3597,2006-11-07,,,
184,tt1286677,2026-09-21,2026-09-21,,"Aşk-ı Memnu","Ask-i Memnu",https://www.imdb.com/title/tt1286677/,TV Series,7.6,90,2008,"Drama, Romance",17947,2008-09-04,,,
185,tt2050064,2026-09-21,2026-09-21,,"Kuzey Güney","Kuzey Güney",https://www.imdb.com/title/tt2050064/,TV Series,7.7,90,2011,"Drama",12854,2011-09-07,,,
186,tt2339608,2026-09-21,2026-09-21,,"Karadayi","Karadayi",https://www.imdb.com/title/tt2339608/,TV Series,7.7,120,2012,"Action, Crime, Drama, Romance",6580,2012-09,,,
187,tt7827112,2026-09-21,2026-09-21,,"Tolgshow","Tolgshow",https://www.imdb.com/title/tt7827112/,TV Series,7.8,100,2017,"Comedy, Reality-TV",2337,2017-12-30,,,
188,tt4241744,2026-09-21,2026-09-21,,"Arkadaşım Hoş Geldin","Arkadasim Hosgeldin",https://www.imdb.com/title/tt4241744/,TV Series,7.9,,2013,"Comedy",3844,2013-12-31,,,
189,tt5905194,2026-09-21,2026-09-21,,"Müdür Ne'aptın?","Müdür Ne'aptin?",https://www.imdb.com/title/tt5905194/,TV Series,7.3,110,2016,"Comedy",1533,2016-03-20,,,
190,tt1468453,2026-09-21,2026-09-21,,"Çok Güzel Hareketler Bunlar","Çok Güzel Hareketler Bunlar",https://www.imdb.com/title/tt1468453/,TV Series,6.6,105,2008,"Comedy",5483,2008-05-07,,,
191,tt44006380,2026-09-21,2026-09-21,,"Tolgshow Yildizlar","Tolgshow Yildizlar",https://www.imdb.com/title/tt44006380/,TV Series,6.8,90,2026,"Comedy, Reality-TV, Talk-Show",10,2026-07-21,,,
192,tt1442449,2026-09-21,2026-09-21,,"Spartacus","Spartacus",https://www.imdb.com/title/tt1442449/,TV Series,8.4,60,2010,"Action, Adventure, Biography, Drama, Romance",298146,2016-01-07,,,
193,tt6257970,2026-09-21,2026-09-21,,"The End of the F***ing World","The End of the F***ing World",https://www.imdb.com/title/tt6257970/,TV Series,8.0,25,2017,"Adventure, Comedy, Crime, Drama, Romance, Thriller",249737,2017-10-24,,,
194,tt1355642,2026-09-21,2026-09-21,,"Fullmetal Alchemist: Brotherhood","Hagane no renkinjutsushi",https://www.imdb.com/title/tt1355642/,TV Series,9.1,24,2009,"Animation, Action, Adventure, Comedy, Drama, Fantasy, Sci-Fi",258327,2016-01-07,,,
